time,POSITION,VELOCITY,TORQUE,P_MECH
0.015670299530029297,59.589385986328125,-0.0006817804533056915,0.0,-0.0
0.04276132583618164,59.61885070800781,2.5567448139190674,0.06550733000040054,1.0523425977131207
0.0698707103729248,59.70140075683594,2.776266098022461,0.03509078919887543,0.6121165105719648
0.09698128700256348,59.78143310546875,2.9851980209350586,0.0,0.0
0.12398099899291992,59.85736083984375,2.7149856090545654,0.04306147247552872,0.7345752246492004
0.15111565589904785,59.934326171875,2.8366806507110596,0.021615326404571533,0.385258396500123
0.17821049690246582,60.01213073730469,2.902794599533081,0.02034364640712738,0.37104362439640187
0.20533537864685059,60.08990478515625,2.8408968448638916,0.024123165756464005,0.4305956456916172
0.23256635665893555,60.16815185546875,2.8751349449157715,0.01617964170873165,0.2922853187546392
0.2596285343170166,60.24737548828125,2.8620479106903076,0.024948684498667717,0.448646639285687
0.28665971755981445,60.327972412109375,2.935908794403076,0.013383590616285801,0.2468852090151945
0.31380200386047363,60.41078186035156,3.0704925060272217,-0.008724477142095566,-0.1683167431899536
0.3408668041229248,60.495025634765625,3.074626922607422,-0.009336008690297604,-0.18035722366669993
0.36797404289245605,60.57878112792969,3.0468263626098633,-0.0073814294300973415,-0.14130842149451364
0.3949918746948242,60.65946960449219,2.9171974658966064,0.014662501402199268,0.2687532734029126
0.4221680164337158,60.738037109375,2.880467653274536,0.02084186300635338,0.3772067084910869
0.44927239418029785,60.814910888671875,2.810865879058838,0.02650824934244156,0.4681672597955721
0.4765942096710205,60.89263916015625,2.805513381958008,0.03630061447620392,0.639891276436734
0.503737211227417,60.969757080078125,2.8334431648254395,0.028566719964146614,0.5085746999209317
0.5307643413543701,61.04791259765625,2.833233118057251,0.02768813446164131,0.4928966578728851
0.5578756332397461,61.12522888183594,2.849346399307251,0.02260642871260643,0.40472224740308
0.5849974155426025,61.203155517578125,2.8743579387664795,0.026613563299179077,0.48064424177947546
0.6120262145996094,61.281463623046875,2.9179437160491943,0.01622101292014122,0.297395744038874
0.6392574310302734,61.361907958984375,2.9954919815063477,0.0003580212069209665,0.006738399912101709
0.6666884422302246,61.44679260253906,3.1553454399108887,-0.02018110267817974,-0.40010287504045844
0.693856954574585,61.53132629394531,3.0590035915374756,-0.00681412173435092,-0.13096937144149876
0.7208936214447021,61.61369323730469,2.9832561016082764,-0.0018756071804091334,-0.035157039149862124
0.7481124401092529,61.69270324707031,2.845784902572632,0.023540601134300232,0.42091992874387313
0.7750837802886963,61.77033996582031,2.8072948455810547,0.030511390417814255,0.5381829014382836
0.8020534515380859,61.8460693359375,2.818369150161743,0.03503766283392906,0.6204586933118194
0.8293697834014893,61.92427062988281,2.851733684539795,0.02813655510544777,0.5041499836721157
0.8568370342254639,62.002838134765625,2.9216651916503906,0.010270802304148674,0.1885448544631593
0.8839647769927979,62.08210754394531,2.8996589183807373,0.02337646670639515,0.425898051600515
0.9110493659973145,62.15950012207031,2.8686256408691406,0.02487652748823166,0.44837718026340884
0.9380786418914795,62.2366943359375,2.844763994216919,0.025984521955251694,0.4644520052547665
0.96531081199646,62.3157958984375,2.8958358764648438,0.0191393680870533,0.3482422077670149
0.9925692081451416,62.3968505859375,2.9751555919647217,0.00900086760520935,0.16825730365603944
1.0196566581726074,62.48124694824219,3.109516143798828,-0.009750034660100937,-0.1904929221122373
1.0467314720153809,62.5655517578125,3.059619903564453,-0.005589823238551617,-0.10745964973393628
1.0736668109893799,62.647003173828125,2.920938014984131,0.011683269403874874,0.21442064618360515
1.1006803512573242,62.72526550292969,2.9047930240631104,0.02136893942952156,0.39001205354119023
1.127631425857544,62.80180358886719,2.8304941654205322,0.03161587938666344,0.562273218789817
1.1548185348510742,62.878173828125,2.853302478790283,0.029360078275203705,0.5263624395991597
1.1820545196533203,62.956573486328125,2.8848392963409424,0.01737027056515217,0.3148531747800747
1.2093331813812256,63.036102294921875,2.8739254474639893,0.031056271865963936,0.5607957144467652
1.2366104125976562,63.114471435546875,2.813474655151367,0.03302263468503952,0.5837603528219434
1.2638578414916992,63.19303894042969,2.8250811100006104,0.02632048726081848,0.46720202289674606
1.2909884452819824,63.27186584472656,2.9232430458068848,0.021196382120251656,0.38931983779802787
1.3181874752044678,63.351959228515625,2.9903042316436768,0.00871859211474657,0.16381045029590094
1.3449771404266357,63.43464660644531,3.1291940212249756,-0.003638835158199072,-0.07154425115583868
1.372178316116333,63.5189208984375,3.1622705459594727,-0.018065357580780983,-0.3589429713593262
1.3992538452148438,63.60346984863281,3.079899311065674,-0.006703412625938654,-0.1297216129598726
1.4262988567352295,63.68409729003906,2.9351260662078857,0.019247230142354965,0.3549562821967103
1.4531877040863037,63.761749267578125,2.8191514015197754,0.03640611842274666,0.6448707013524584
1.4801669120788574,63.83790588378906,2.798691511154175,0.030523676425218582,0.5367496129300318
1.5071210861206055,63.91546630859375,2.8661556243896484,0.03081776574254036,0.5549844126619693
1.5341384410858154,63.99383544921875,2.9310271739959717,0.017067736014723778,0.31432261597341854
1.5612375736236572,64.0728759765625,2.9306602478027344,0.013959012925624847,0.2570396086037526
1.5883433818817139,64.15237426757812,2.9382517337799072,0.019929496571421623,0.3679299977540078
1.6152923107147217,64.23089599609375,2.929762363433838,0.018626803532242775,0.34288666678942964
1.642390251159668,64.31068420410156,2.9867169857025146,0.006687347777187824,0.12549541225304192
1.6692488193511963,64.3916015625,3.0142548084259033,0.004408162087202072,0.08348671746875981
1.6962089538574219,64.47566223144531,3.113844633102417,-0.008671793155372143,-0.16966244372717115
1.7233424186706543,64.56050109863281,3.109166145324707,-0.00841901171952486,-0.16446932597201633
1.7503631114959717,64.64373779296875,3.0131850242614746,-0.0012940530432388186,-0.024499529670503558
1.7772870063781738,64.72322082519531,2.9338104724884033,0.014539128169417381,0.2680095613471397
1.8041784763336182,64.80062866210938,2.8700528144836426,0.02816173806786537,0.5078426973880401
1.8310444355010986,64.87745666503906,2.8876230716705322,0.026128457859158516,0.47406091369536274
1.8579609394073486,64.9549560546875,2.8716447353363037,0.021610677242279053,0.3899230920777031
1.8849732875823975,65.033935546875,2.8698649406433105,0.030201541259884834,0.5445909673386048
1.9120521545410156,65.11256408691406,2.8390402793884277,0.030752381309866905,0.5485676255459636
1.939073085784912,65.19181823730469,2.890599012374878,0.021287627518177032,0.38662949377775435
1.9660005569458008,65.27116394042969,2.948038101196289,0.01770368032157421,0.3279265042321986
1.992940902709961,65.35185241699219,3.0221986770629883,0.008096527308225632,0.15374523495381096
2.01990008354187,65.43592834472656,3.18318247795105,-0.007411983795464039,-0.14824356998422192
2.046931505203247,65.52102661132812,3.1410911083221436,-0.014014039188623428,-0.2765818832384397
2.0740082263946533,65.60537719726562,3.09364914894104,-0.006234077271074057,-0.12117781244755471
2.1010372638702393,65.68617248535156,2.939541816711426,0.01706564985215664,0.3151971933463885
2.127911329269409,65.76486206054688,2.858516216278076,0.02746678702533245,0.49331962046340777
2.1550631523132324,65.84230041503906,2.8323614597320557,0.032744407653808594,0.582727727198852
2.1821255683898926,65.92068481445312,2.8892276287078857,0.02520834468305111,0.4576210108046066
2.2091915607452393,65.99897766113281,2.932612419128418,0.01778816618025303,0.3277673695853094
2.2362496852874756,66.07786560058594,2.9341559410095215,0.01558942161500454,0.28740416828999593
2.2631943225860596,66.15693664550781,2.9389617443084717,0.02029850147664547,0.37483296558501894
2.2901813983917236,66.23561096191406,2.921128273010254,0.019591042771935463,0.3595738079326301
2.3170018196105957,66.31610107421875,2.983356475830078,0.01062910445034504,0.19924236708062362
2.3438799381256104,66.39857482910156,3.0974533557891846,-0.00419841380789876,-0.08170899807214273
2.3708696365356445,66.48381042480469,3.170989513397217,-0.015090161934494972,-0.3006550994908189
2.397979497909546,66.56796264648438,3.0829718112945557,-0.005639591719955206,-0.10924387243061044
2.424901247024536,66.65054321289062,2.9963295459747314,0.00533899012953043,0.10051446445834028
2.4520301818847656,66.72999572753906,2.9562416076660156,0.02029886655509472,0.37704360752391197
2.4789323806762695,66.80790710449219,2.876782178878784,0.027306919917464256,0.4935822856175657
2.506047487258911,66.88569641113281,2.8758537769317627,0.022261248901486397,0.4022501311542224
2.5331077575683594,66.96400451660156,2.837476968765259,0.037830524146556854,0.6744574745642274
2.5599987506866455,67.04231262207031,2.831716299057007,0.03732238709926605,0.6640473102219877
2.5869102478027344,67.11941528320312,2.8273322582244873,0.03290475904941559,0.5845416102206775
2.6138718128204346,67.19766235351562,2.8807668685913086,0.02454996295273304,0.4443639545555454
2.640803098678589,67.27688598632812,2.976255416870117,0.01303063239902258,0.2436775729952752
2.6678526401519775,67.35877990722656,3.070040702819824,-0.00047076892224140465,-0.009080960508208879
2.6949303150177,67.4439697265625,3.20597243309021,-0.02328656055033207,-0.4690779295666898
2.738403081893921,67.52906799316406,3.121817111968994,-0.011880449950695038,-0.23303449602916934
2.7653565406799316,67.66139221191406,2.951328992843628,0.015218761749565601,0.2822128669967764
2.792384624481201,67.74053955078125,2.8995792865753174,0.02511858381330967,0.45762527960645955
2.819459915161133,67.81806945800781,2.8174610137939453,0.033355552703142166,0.5904809961220611
2.8464019298553467,67.89613342285156,2.8597261905670166,0.03344409167766571,0.6009297796997883
2.8732969760894775,67.97398376464844,2.8229994773864746,0.036270104348659515,0.6433383948489675
2.9005186557769775,68.05239868164062,2.8219614028930664,0.03106984868645668,0.5508965796700624
2.927640914916992,68.12971496582031,2.8438148498535156,0.03639313578605652,0.6502803995309475
2.9546496868133545,68.20791625976562,2.9017868041992188,0.027293028309941292,0.49761916191754385
2.9818949699401855,68.28744506835938,3.0080347061157227,0.006186869461089373,0.11693207700384649
3.0089049339294434,68.36973571777344,3.068450927734375,4.041491774842143e-05,0.0007791852986171388
3.0361626148223877,68.45561218261719,3.1740455627441406,-0.017415886744856834,-0.34732705733085273
3.0632951259613037,68.54011535644531,3.0854930877685547,-0.005277911201119423,-0.10232141215687753
3.090424060821533,68.62342834472656,2.954442262649536,0.005455559119582176,0.10127322542517664
3.1175851821899414,68.70295715332031,2.883946418762207,0.03011510707437992,0.545696875702135
3.1448421478271484,68.78120422363281,2.825352191925049,0.037233367562294006,0.6609746113517687
3.1718809604644775,68.85987854003906,2.9025516510009766,0.020046038553118706,0.36558501525641185
3.199019193649292,68.93864440917969,2.973112106323242,0.016949791461229324,0.3166325168043205
3.226210117340088,69.01777648925781,3.004962682723999,0.012177743017673492,0.2299247677578105
3.2533302307128906,69.09544372558594,2.860215902328491,0.028827393427491188,0.5180647707334002
3.280478000640869,69.17286682128906,2.803537130355835,0.038651056587696075,0.6808439007045106
3.307588815689087,69.25028991699219,2.8212451934814453,0.04197046160697937,0.7439854570430733
3.3349008560180664,69.33163452148438,2.9503092765808105,0.017502520233392715,0.3244501666423669
3.3619463443756104,69.4144287109375,3.0663232803344727,0.0018135124118998647,0.03493963316347193
3.3890457153320312,69.50068664550781,3.152933359146118,-0.010877224616706371,-0.21548287274456185
3.4161524772644043,69.58546447753906,3.09023118019104,-0.004267869982868433,-0.08286707681109429
3.443068742752075,69.66552734375,2.939593553543091,0.018658347427845,0.3446198826950132
3.469907760620117,69.74368286132812,2.8661584854125977,0.026036204770207405,0.46887572437497216
3.49703311920166,69.82046508789062,2.8260700702667236,0.039205290377140045,0.6961574399041935
3.5240848064422607,69.898681640625,2.7855827808380127,0.045030850917100906,0.788144939040524
3.5511586666107178,69.97805786132812,2.9066505432128906,0.020169999450445175,0.36836518376554056
3.578291654586792,70.05659484863281,2.8369312286376953,0.03585527092218399,0.6391189353866114
3.605419635772705,70.13398742675781,2.8548336029052734,0.032273225486278534,0.5788993216451259
3.6324198246002197,70.21170043945312,2.8879776000976562,0.029098965227603912,0.5280210474821257
3.6594960689544678,70.29010009765625,2.9708144664764404,0.010298953391611576,0.19224209522477803
3.6865172386169434,70.37152099609375,3.0444681644439697,0.004076796118170023,0.07798486024735622
3.7136664390563965,70.45616149902344,3.1807613372802734,-0.017438802868127823,-0.34851993192172465
3.740624189376831,70.54118347167969,3.076359510421753,-0.004678481724113226,-0.0904319493111804
3.76758074760437,70.62408447265625,2.9764742851257324,0.0009578116005286574,0.017912743038854734
3.794589042663574,70.70333862304688,2.9009177684783936,0.02770538628101349,0.5049861838016785
3.821625232696533,70.78115844726562,2.826253890991211,0.034144509583711624,0.6063339987576283
3.848623752593994,70.8585205078125,2.8898956775665283,0.022365296259522438,0.4061034595109605
3.8756139278411865,70.93656921386719,2.9278056621551514,0.018511904403567314,0.34054398485597054
3.902625799179077,71.01634216308594,2.961115598678589,0.018026210367679596,0.3353819345339322
3.929751396179199,71.09454345703125,2.8791165351867676,0.02605852484703064,0.47139930631209953
3.956698179244995,71.1724853515625,2.8387300968170166,0.03241252154111862,0.5781183959795513
3.9838972091674805,71.24992370605469,2.83626389503479,0.03925958648324013,0.6996361251068183
4.011001110076904,71.330322265625,2.952970027923584,0.019034506753087044,0.35316734024227364
4.038224458694458,71.4132080078125,3.079663038253784,0.001643090508878231,0.03179395506287337
4.065346956253052,71.49911499023438,3.151777505874634,-0.010735693387687206,-0.2126011060161828
4.092382192611694,71.5838623046875,3.127481698989868,-0.004861500579863787,-0.09553114592472166
4.1193742752075195,71.6656494140625,2.9328246116638184,0.01960376463830471,0.36124799076638103
4.146275281906128,71.74420166015625,2.898420810699463,0.021326376125216484,0.3883813545297251
4.173202276229858,71.82083129882812,2.8116958141326904,0.04235771670937538,0.7483086133190535
4.20045280456543,71.89897155761719,2.851940870285034,0.03479522466659546,0.6235051289617585
4.227577209472656,71.978271484375,2.907367706298828,0.01982216350734234,0.3621019676212428
4.254742383956909,72.0574951171875,2.885911703109741,0.028840823099017143,0.5229625124537509
4.281681299209595,72.13583374023438,2.895416736602783,0.026107333600521088,0.47495609741366757
4.3088250160217285,72.21434020996094,2.9309942722320557,0.017489183694124222,0.3220804596932605
4.335867404937744,72.29411315917969,3.010728359222412,0.011494222097098827,0.21743578780933628
4.363094329833984,72.37565612792969,3.0466136932373047,0.0025830110535025597,0.04944512996269577
4.390294551849365,72.46125793457031,3.1643879413604736,-0.012494387105107307,-0.24841884971968997
4.41736102104187,72.54612731933594,3.0967094898223877,-0.0026750292163342237,-0.05204857730991939
4.4443039894104,72.62930297851562,2.988746404647827,0.006232581101357937,0.11704069001239902
4.471312522888184,72.708740234375,2.906909942626953,0.024251246824860573,0.44294062846407073
4.498254776000977,72.7864990234375,2.824875593185425,0.036186859011650085,0.6422884066945319
4.5251688957214355,72.86392211914062,2.8971993923187256,0.020684972405433655,0.376541804602007
4.552167177200317,72.94244384765625,2.9328322410583496,0.02236727438867092,0.412173585044204
4.579403877258301,73.02241516113281,2.9529173374176025,0.01802918128669262,0.33450850452178454
4.6064066886901855,73.10014343261719,2.872987747192383,0.02497957833111286,0.45091921797164813
4.63359808921814,73.178466796875,2.8354647159576416,0.03967583179473877,0.7068547099118088
4.66064715385437,73.25726318359375,2.867199659347534,0.03085475042462349,0.5558528575242138
4.687788009643555,73.33798217773438,2.966485023498535,0.01086121890693903,0.20244198890995355
4.714812517166138,73.42129516601562,3.0937843322753906,-0.0003717124927788973,-0.007225652335575766
4.741981267929077,73.5076904296875,3.1583471298217773,-0.014656147919595242,-0.2908436383868383
4.769219636917114,73.59242248535156,3.0597190856933594,-0.002951974980533123,-0.056751075480020244
4.796251058578491,73.67405700683594,2.896939754486084,0.019510112702846527,0.3551232528841148
4.823335886001587,73.75331115722656,2.865079402923584,0.036121346056461334,0.6502501435502851
4.850387811660767,73.83082580566406,2.8429598808288574,0.03440019115805626,0.6144852396995877
4.8773651123046875,73.908935546875,2.8631770610809326,0.0245176013559103,0.4410685111705076
4.904471397399902,73.98753356933594,2.915998935699463,0.025388112291693687,0.4651549426224963
4.931605339050293,74.06707763671875,2.890167236328125,0.02802174724638462,0.5088596949791678
4.958582162857056,74.14588928222656,2.9382386207580566,0.01225814875215292,0.22630378537333035
4.985620498657227,74.22459411621094,2.949169635772705,0.018643813207745552,0.3454732020202095
5.012742042541504,74.30467224121094,3.0070173740386963,0.0077094123698771,0.14565891884654755
5.03991174697876,74.38748168945312,3.054908514022827,-0.0008425418636761606,-0.016172217229086072
5.067036867141724,74.47257995605469,3.092174768447876,-0.004060835111886263,-0.07889677585792396
5.094075441360474,74.55769348144531,3.0845179557800293,-0.005354390479624271,-0.1037712888824484
5.121155023574829,74.64080810546875,3.0005691051483154,0.009417019784450531,0.17754031435566275
5.148003578186035,74.72074890136719,2.9578957557678223,0.010219866409897804,0.18993629032870557
5.175173759460449,74.79873657226562,2.8712539672851562,0.03209177032113075,0.5789554572524173
5.202300786972046,74.87738037109375,2.922750234603882,0.022387465462088585,0.41112747527876037
5.2293860912323,74.95591735839844,2.8879830837249756,0.023401353508234024,0.4246347097684928
5.256609201431274,75.03509521484375,2.8394055366516113,0.038989827036857605,0.6955984439491767
5.2837464809417725,75.11331176757812,2.8236067295074463,0.03674758970737457,0.6519479670261352
5.310853481292725,75.1922607421875,2.8422017097473145,0.027736086398363113,0.49531325041918367
5.337992429733276,75.27223205566406,2.9666824340820312,0.01817139983177185,0.33871880845367175
5.365144491195679,75.35443115234375,3.067671060562134,0.0025876592844724655,0.04987647475697744
5.39236307144165,75.43977355957031,3.229374885559082,-0.016386495903134346,-0.33249446925028364
5.419287919998169,75.52557373046875,3.1501858234405518,-0.01383414026349783,-0.2738219227812236
5.446415424346924,75.6094970703125,3.0627241134643555,-0.0017382330261170864,-0.03344997083021808
5.473562240600586,75.69020080566406,2.9250059127807617,0.020849013701081276,0.3831705579895075
5.5006067752838135,75.76913452148438,2.878551721572876,0.025187931954860687,0.45556087346693824
5.527590274810791,75.84710693359375,2.880929946899414,0.03070925362408161,0.5558809968061326
5.5546698570251465,75.92521667480469,2.8785102367401123,0.029553592205047607,0.5345125702162647
5.581853628158569,76.00444030761719,2.9485199451446533,0.014329337514936924,0.265466699574049
5.609011650085449,76.08354187011719,2.9031219482421875,0.027117593213915825,0.494648036142783
5.636204719543457,76.16259765625,2.925907850265503,0.023903382942080498,0.43944029911627264
5.663404703140259,76.24188232421875,2.8990771770477295,0.017581380903720856,0.32025257355362313
5.690331220626831,76.32345581054688,2.9732024669647217,0.015172196552157402,0.28343456597575933
5.71736478805542,76.40692138671875,3.118626594543457,-0.0071484181098639965,-0.14007260090857443
5.744515419006348,76.492919921875,3.119107484817505,-0.011193924583494663,-0.219377753995998
5.771757125854492,76.57777404785156,3.1120529174804688,-0.007344889920204878,-0.14361907748946606
5.799005746841431,76.66091918945312,2.9610273838043213,0.015244542621076107,0.2836198944101605
5.826032400131226,76.74102783203125,2.917395830154419,0.0179916862398386,0.32979729937288177
5.85306453704834,76.819091796875,2.8351879119873047,0.03397161141037941,0.6051706604288459
5.880013704299927,76.89765930175781,2.8729496002197266,0.03201295807957649,0.5778747007780095
5.907069206237793,76.97537231445312,2.853991985321045,0.031414616852998734,0.5633319517360025
5.934118032455444,77.05447387695312,2.852466583251953,0.029764531180262566,0.533457075906449
5.961201429367065,77.133056640625,2.9166901111602783,0.024096038192510605,0.44158651279625244
5.988165378570557,77.21250915527344,2.9639546871185303,0.017448902130126953,0.32495223993012073
6.015196800231934,77.29351806640625,3.0787038803100586,0.001052253064699471,0.020354853769687167
6.042247295379639,77.37709045410156,3.1378636360168457,-0.0013659788528457284,-0.026931336763054557
6.0691938400268555,77.46275329589844,3.1497673988342285,-0.01127710472792387,-0.22318035579168102
6.096140384674072,77.54768371582031,3.1246156692504883,-0.008718458004295826,-0.1711654690875405
6.123113632202148,77.63096618652344,3.03232479095459,0.00044046284165233374,0.008391988136149142
6.150061130523682,77.7109375,2.9712963104248047,0.01489996537566185,0.2781705128730989
6.177003622055054,77.79008483886719,2.909552812576294,0.019731106236577034,0.3607094729865025
6.2040040493011475,77.86831665039062,2.9154818058013916,0.026166770607233047,0.47933631302873075
6.230855941772461,77.9466552734375,2.87282395362854,0.027832653373479843,0.502392899340899
6.257853746414185,78.02490234375,2.901793956756592,0.02373109757900238,0.4326774538330804
6.284893274307251,78.10282897949219,2.86295485496521,0.03130011260509491,0.5630413206328965
6.312076568603516,78.18226623535156,2.9023780822753906,0.02857852540910244,0.5211631141310943
6.339007377624512,78.26287841796875,2.9615399837493896,0.011592967435717583,0.21572083106057544
6.365992069244385,78.34634399414062,3.0897936820983887,0.00039365541306324303,0.007642326305280669
6.392861843109131,78.431884765625,3.1812961101531982,-0.017000962048768997,-0.33982667068896794
6.419844388961792,78.51762390136719,3.1740188598632812,-0.02026733197271824,-0.4041903611085115
6.446933746337891,78.60186767578125,3.132807493209839,-0.003817042801529169,-0.07513470871984622
6.4738171100616455,78.68295288085938,2.959892749786377,0.01728304848074913,0.32142243840229695
6.501087427139282,78.76353454589844,2.9068832397460938,0.02478824555873871,0.45274456550057
6.528041362762451,78.84170532226562,2.8386356830596924,0.03010747581720352,0.536987124127361
6.554973125457764,78.92042541503906,2.844559669494629,0.03352909907698631,0.5992620847083301
6.581883907318115,78.99842834472656,2.9172844886779785,0.02325511910021305,0.426262589872807
6.608888626098633,79.07591247558594,2.90466570854187,0.01884654350578785,0.3439598392755928
6.635695934295654,79.15426635742188,2.954376459121704,0.020736031234264374,0.3849207655382128
6.662557125091553,79.23387145996094,2.9907610416412354,0.011584349907934666,0.21768737887950343
6.689803838729858,79.31684875488281,3.1078052520751953,-0.0016848875675350428,-0.03290065850181096
6.716789245605469,79.40252685546875,3.1273348331451416,-0.007456406485289335,-0.14651558587200508
6.74387788772583,79.48838806152344,3.1354782581329346,-0.009605727158486843,-0.18924042240775543
6.770846128463745,79.5728759765625,3.073418140411377,-0.00376978050917387,-0.07279768744332647
6.79781699180603,79.6539306640625,2.976372241973877,0.014138113707304,0.26439825477486456
6.824792861938477,79.73403930664062,2.9831535816192627,0.013394198380410671,0.2510569266351348
6.851738214492798,79.81314086914062,2.930774688720703,0.014272353611886501,0.2628196894270293
6.8787007331848145,79.89169311523438,2.903475761413574,0.026017827913165092,0.47464521831965145
6.905721187591553,79.96923828125,2.8301777839660645,0.03573313355445862,0.6354255719153408
6.9439051151275635,80.04656982421875,2.7838804721832275,0.04319409653544426,0.755535451947542
6.970963716506958,80.15596008300781,2.9075636863708496,0.026681439951062202,0.48743686117873014
6.997923135757446,80.235107421875,2.9423584938049316,0.019554918631911278,0.36151928312428555
7.024821519851685,80.31712341308594,3.072118043899536,-0.0004904545494355261,-0.009467090633581612
7.051895380020142,80.40229797363281,3.128380060195923,-0.00756325526162982,-0.14866479476539426
7.078791856765747,80.48826599121094,3.1523947715759277,-0.012839490547776222,-0.25431282300253877
7.105927228927612,80.57229614257812,3.007742404937744,0.0016520153731107712,0.031220121692640934
7.1330132484436035,80.65399169921875,3.010355234146118,0.00812641903758049,0.15370812624098032
7.160003662109375,80.73341369628906,2.935554027557373,0.022082345560193062,0.4073006919408678
7.186815500259399,80.8126220703125,2.945774793624878,0.015635745599865913,0.28939965277120944
7.213805913925171,80.89059448242188,2.8655049800872803,0.03219634294509888,0.5796790175502686
7.240689754486084,80.96842956542969,2.862119197845459,0.03085283562541008,0.5548334939271719
7.267895460128784,81.04582214355469,2.7908477783203125,0.0417165569961071,0.7315170873740011
7.294918537139893,81.12222290039062,2.811016082763672,0.03234374150633812,0.5712595272555956
7.321869373321533,81.20039367675781,2.8992717266082764,0.02816328965127468,0.5130411147021307
7.3488640785217285,81.28062438964844,3.017409086227417,0.00645153084769845,0.12231418906468818
7.376044034957886,81.36457824707031,3.181123733520508,-0.007032617460936308,-0.140565073752299
7.402981996536255,81.45082092285156,3.190666675567627,-0.016872690990567207,-0.3382561158635755
7.429893255233765,81.53538513183594,3.0783677101135254,-0.0036783914547413588,-0.07114728113028329
7.457140684127808,81.61773681640625,2.960963010787964,0.018373681232333183,0.34182909713043014
7.483973979949951,81.69697570800781,2.897596836090088,0.017730722203850746,0.32280797291860197
7.510903835296631,81.77499389648438,2.8789544105529785,0.031666163355112076,0.5728093572554168
7.537994384765625,81.85401916503906,2.984616279602051,0.012573101557791233,0.2357820804397281
7.564980745315552,81.93260192871094,2.9351391792297363,0.014516531489789486,0.2677142129201834
7.592088222503662,82.01052856445312,2.899061441421509,0.030141040682792664,0.5490293116271482
7.61912727355957,82.08685302734375,2.815598726272583,0.03830021619796753,0.6775663881246637
7.646177053451538,82.163818359375,2.855844020843506,0.0325518362224102,0.584103547381314
7.673149824142456,82.24124145507812,2.887515068054199,0.022905223071575165,0.4155647036242382
7.700168132781982,82.32225036621094,2.980125904083252,0.016717985272407532,0.31303897954094434
7.727058172225952,82.40643310546875,3.1177256107330322,-0.011020701378583908,-0.21588724967475784
7.754088640213013,82.49203491210938,3.148599624633789,-0.014607568271458149,-0.2889849544275178
7.7810959815979,82.57591247558594,3.0545666217803955,-0.00232328730635345,-0.04458947815837405
7.808131217956543,82.65631103515625,2.9167897701263428,0.024748526513576508,0.45355957884902454
7.835562705993652,82.73605346679688,2.9447572231292725,0.0208017248660326,0.3848829848622945
7.862602949142456,82.81306457519531,2.8096628189086914,0.033738989382982254,0.595615707406499
7.889557600021362,82.89224243164062,2.8708739280700684,0.03362109884619713,0.6064652107907366
7.916347503662109,82.97042846679688,2.8359105587005615,0.033695366233587265,0.6004026203945063
7.943140983581543,83.04705810546875,2.8149099349975586,0.036323580890893936,0.6424406728318046
7.9700398445129395,83.12234497070312,2.810206174850464,0.03430962562561035,0.6058066429908314
7.9971513748168945,83.19891357421875,2.8207123279571533,0.03682995215058327,0.65273938748631
8.024202346801758,83.27804565429688,2.9661669731140137,0.01429253350943327,0.26636961462973957
8.051335573196411,83.36061096191406,3.104027271270752,-0.00018786104919854552,-0.0036638875839698393
8.07849407196045,83.44688415527344,3.107844352722168,-0.005157547537237406,-0.10071226614836844
8.105501174926758,83.53218078613281,3.189737558364868,-0.016596678644418716,-0.33262585621137597
8.132346868515015,83.61497497558594,2.9710586071014404,0.004786020144820213,0.08934404466984526
8.159265279769897,83.69407653808594,2.938753843307495,0.013007245026528835,0.2401753321006368
8.18622636795044,83.77232360839844,2.883150577545166,0.026858292520046234,0.4865478890362634
8.21327543258667,83.84999084472656,2.895170211791992,0.02671348862349987,0.4859421580839325
8.240195989608765,83.92857360839844,2.9255902767181396,0.020659811794757843,0.37976919429182454
8.267205953598022,84.00700378417969,2.9314253330230713,0.019049283117055893,0.3508628134347274
8.294319868087769,84.0845947265625,2.8572988510131836,0.03620673716068268,0.6500173131815415
8.32119345664978,84.16123962402344,2.8599624633789062,0.032916467636823654,0.5914981969110836
8.348196506500244,84.23886108398438,2.8794972896575928,0.02553466521203518,0.4619837614965887
8.375182151794434,84.31950378417969,2.960545778274536,0.020894067361950874,0.38866428976504364
8.402080774307251,84.4033203125,3.1081247329711914,-0.006349582225084305,-0.12400050651536289
8.428950548171997,84.48843383789062,3.133000373840332,-0.008939423598349094,-0.17597453733732643
8.455817461013794,84.57212829589844,3.0682642459869385,-0.003169805044308305,-0.06110900041970159
8.482741117477417,84.65275573730469,2.962392568588257,0.015431579202413559,0.2872320184514517
8.509536266326904,84.7314453125,2.9199109077453613,0.024765176698565483,0.4543503844089211
8.536524057388306,84.80917358398438,2.9006576538085938,0.02407454140484333,0.4387674138877988
8.563310623168945,84.88658142089844,2.8743896484375,0.022828498855233192,0.41229005850583017
8.590156316757202,84.96455383300781,2.83443021774292,0.0390811413526535,0.6960058282945306
8.617052555084229,85.04193115234375,2.817467451095581,0.0396663136780262,0.7021996648150437
8.644069194793701,85.11785888671875,2.7729008197784424,0.040333978831768036,0.7027247837533943
8.670981407165527,85.19525146484375,2.8350398540496826,0.02963692881166935,0.5279250062890102
8.697971820831299,85.27389526367188,2.9539742469787598,0.019046755507588387,0.353514783549202
8.72494912147522,85.35636901855469,3.094454765319824,0.0019856535363942385,0.038607126669144655
8.752038478851318,85.44190979003906,3.1975786685943604,-0.019620226696133614,-0.3941895685911449
8.778993606567383,85.52658081054688,3.109177350997925,-0.007338941562920809,-0.14337016773997174
8.806177377700806,85.60914611816406,2.9760003089904785,0.014662365429103374,0.27416807294730505
8.833121299743652,85.68896484375,2.8905813694000244,0.025667613372206688,0.46617669278310836
8.860113143920898,85.76734924316406,2.8750193119049072,0.02449129894375801,0.4424176596028464
8.887076616287231,85.8448486328125,2.8729209899902344,0.031957026571035385,0.5768593210491271
8.914057731628418,85.92375183105469,2.867460250854492,0.03027305379509926,0.5454230747913686
8.940888166427612,86.00196838378906,2.9308457374572754,0.016054794192314148,0.2956497876231774
8.967865705490112,86.07856750488281,2.848104953765869,0.03058639168739319,0.5473487155996717
8.994922637939453,86.15505981445312,2.8668339252471924,0.034626930952072144,0.6237296715520462
9.021966218948364,86.23245239257812,2.8548645973205566,0.03271515294909477,0.586832743839886
9.048917531967163,86.3128662109375,2.9912588596343994,0.007169542368501425,0.1347489227332467
9.075964212417603,86.39640808105469,3.12424373626709,-0.009653600864112377,-0.18950213826981985
9.103080987930298,86.48197937011719,3.1254072189331055,-0.009297167882323265,-0.18257325252077478
9.130018949508667,86.56643676757812,3.0952823162078857,-0.004337414633482695,-0.08435504768035045
9.157113075256348,86.64732360839844,2.969109058380127,0.01042196899652481,0.19442665086356606
9.18412446975708,86.72639465332031,2.9283573627471924,0.022617077454924583,0.4161409253290394
9.211079359054565,86.80429077148438,2.8860931396484375,0.02453937754034996,0.4449935879751729
9.238067865371704,86.88249206542969,2.9346697330474854,0.018588487058877945,0.3427544837444127
9.265132427215576,86.96086120605469,2.8529956340789795,0.030637742951512337,0.5492091240184036
9.29219388961792,87.03857421875,2.7803664207458496,0.046213299036026,0.807325882159147
9.319128274917603,87.11460876464844,2.726677894592285,0.0524175725877285,0.8980295156815903
9.346171855926514,87.19113159179688,2.785487174987793,0.03675732761621475,0.6433169003282103
9.373044490814209,87.26881408691406,2.927368640899658,0.02074957825243473,0.38165113510171655
9.400014638900757,87.35014343261719,3.0720770359039307,0.002558506792411208,0.049385396460054715
9.426870346069336,87.43478393554688,3.245389461517334,-0.025122350081801414,-0.5122794719417
9.453837871551514,87.51968383789062,3.1327741146087646,-0.011889953166246414,-0.23403946355357716
9.480823278427124,87.60252380371094,2.9112584590911865,0.016712520271539688,0.30570502598313887
9.50816035270691,87.68287658691406,2.912759780883789,0.025938518345355988,0.47471144498757717
9.535016536712646,87.76092529296875,2.8142483234405518,0.04102246090769768,0.7253773561166427
9.561941146850586,87.83804321289062,2.842034339904785,0.028195032849907875,0.5034795025368093
9.588918924331665,87.91694641113281,2.8794033527374268,0.03037569299340248,0.549551717010917
9.615816116333008,87.99470520019531,2.8639814853668213,0.029710371047258377,0.5346359399820583
9.642791986465454,88.07183837890625,2.8234829902648926,0.03220736235380173,0.5713736438255044
9.66994333267212,88.14848327636719,2.871088981628418,0.02624943107366562,0.47352881956107945
9.697177410125732,88.2269287109375,2.895871162414551,0.02596631832420826,0.47246482558656
9.724119424819946,88.30628967285156,3.006178140640259,0.010360692627727985,0.19569664060879932
9.751023769378662,88.38909912109375,3.10079026222229,-0.0026393297594040632,-0.05142163892470629
9.778038024902344,88.4742431640625,3.111330509185791,-0.005422256886959076,-0.10600005851717488
9.805067539215088,88.55877685546875,3.0780487060546875,-0.004306675400584936,-0.08329088865630752
9.83204960823059,88.64057922363281,2.952533483505249,0.017716508358716965,0.3286645273072651
9.858972787857056,88.71928405761719,2.9106485843658447,0.015528741292655468,0.283991863415474
9.885921478271484,88.79707336425781,2.872953176498413,0.03170539438724518,0.5723234965085384
9.912932395935059,88.87516784667969,2.9276950359344482,0.022725746035575867,0.41804578961676336
9.939887285232544,88.95388793945312,2.9333770275115967,0.016982924193143845,0.3130114511075837
9.966907501220703,89.03221130371094,2.8762454986572266,0.028603270649909973,0.5169178340013956
9.993851661682129,89.10893249511719,2.762702465057373,0.04792971536517143,0.8319913928931584
10.020859956741333,89.1864013671875,2.8181257247924805,0.04048128426074982,0.7167942530191221
10.047838926315308,89.26416015625,2.8823084831237793,0.022686459124088287,0.4108535513574656
10.074835300445557,89.34510803222656,2.9984281063079834,0.012965437956154346,0.24426469466222447
10.101884841918945,89.42906188964844,3.1434807777404785,-0.003281151410192251,-0.06480625852028996
10.128812551498413,89.51463317871094,3.1493232250213623,-0.013902089558541775,-0.2750915093963683
10.155822277069092,89.59765625,3.0005369186401367,-0.0007112477906048298,-0.013409104439682951
10.182824850082397,89.67744445800781,2.889112710952759,0.027775747701525688,0.504208441043269
10.209893465042114,89.75534057617188,2.8088159561157227,0.04253014549612999,0.7505852408019641
10.236874103546143,89.83262634277344,2.834026336669922,0.033860720694065094,0.6029481231393271
10.263969898223877,89.9105224609375,2.8320276737213135,0.029486894607543945,0.5246943633566646
10.290966033935547,89.99009704589844,2.8862831592559814,0.028950253501534462,0.5250143508858789
10.317933082580566,90.0682373046875,2.845865488052368,0.0342426635324955,0.6122964984496343
10.344861268997192,90.14468383789062,2.8933422565460205,0.022254735231399536,0.40457785729013107
10.371828556060791,90.22117614746094,2.8665127754211426,0.02823464199900627,0.5085293640729861
10.398891687393188,90.29971313476562,2.9439914226531982,0.018804436549544334,0.34783776635652564
10.425859451293945,90.38093566894531,3.0274224281311035,0.003195748431608081,0.060789066858758324
10.452919244766235,90.46551513671875,3.1587984561920166,-0.01339209359139204,-0.26579711405659995
10.479920148849487,90.55058288574219,3.0815794467926025,-0.004701165482401848,-0.09102459933132977
10.526828527450562,90.63214111328125,3.0254671573638916,0.00858224369585514,0.16314476907770806
10.553969860076904,90.7681884765625,2.840660810470581,0.030845025554299355,0.5505343006498405
10.581167936325073,90.84519958496094,2.8599624633789062,0.033243920654058456,0.5973824209233467
10.608227014541626,90.92427062988281,2.9169843196868896,0.022864526137709618,0.41905996084746383
10.635497808456421,91.00393676757812,2.960169792175293,0.010723203420639038,0.199444027464472
10.662640571594238,91.08270263671875,2.902146816253662,0.02822822704911232,0.5147339923445869
10.689707279205322,91.15972900390625,2.848792552947998,0.03327757492661476,0.5956516699350742
10.71672797203064,91.23579406738281,2.811582088470459,0.03666740655899048,0.6477550838769499
10.743844270706177,91.31448364257812,2.9121201038360596,0.020411178469657898,0.3734712979046854
10.770939588546753,91.39590454101562,3.028446912765503,0.005594851914793253,0.10646048234237103
10.797919988632202,91.4813232421875,3.1048943996429443,-0.00712778652086854,-0.1390533276601836
10.824909448623657,91.56565856933594,3.0648064613342285,-0.003172328695654869,-0.06108873086213388
10.85216474533081,91.64784240722656,2.9759092330932617,0.00849719438701868,0.1588821480531497
10.879347085952759,91.72610473632812,2.8840444087982178,0.028628822416067123,0.5187824745842909
10.906507968902588,91.80357360839844,2.866783618927002,0.03142181411385536,0.5659864546372168
10.933595895767212,91.8817138671875,2.887976884841919,0.025369055569171906,0.46033911765929625
10.960709571838379,91.96022033691406,2.8567731380462646,0.03316530957818031,0.5953052018197653
10.98781967163086,92.03947448730469,2.7855870723724365,0.04599224776029587,0.8049728667017088
11.014901876449585,92.11674499511719,2.7792699337005615,0.04289810732007027,0.7491154064783966
11.041900873184204,92.19346618652344,2.7938790321350098,0.03641573712229729,0.6392585892037421
11.068995952606201,92.27064514160156,2.8803060054779053,0.03135130554437637,0.5673801384032441
11.09609341621399,92.35113525390625,3.0041544437408447,0.01136030163615942,0.21443318051893182
11.123273372650146,92.43511962890625,3.1979117393493652,-0.005276106297969818,-0.10601318401144905
11.150241374969482,92.52070617675781,3.137528419494629,-0.013081305660307407,-0.2578805752179021
11.177249670028687,92.60330200195312,3.0076422691345215,0.00026734641869552433,0.005052198654653919
11.2044997215271,92.68278503417969,2.8958635330200195,0.029066814109683037,0.5288778681080704
11.231882572174072,92.76179504394531,2.8208839893341064,0.038782186806201935,0.6873807857152912
11.259257078170776,92.84040832519531,2.854309558868408,0.027039848268032074,0.484936853875986
11.286478281021118,92.91864013671875,2.873542070388794,0.03211188688874245,0.5797800315953031
11.330954790115356,92.998779296875,2.8836324214935303,0.02684910222887993,0.4864626895721908
11.358342409133911,93.12628173828125,2.827749729156494,0.033706918358802795,0.5988801064430049
11.385638952255249,93.20510864257812,2.8315975666046143,0.03600853681564331,0.640644162495764
11.413035869598389,93.28373718261719,2.946993827819824,0.016171827912330627,0.29944578607706224
11.440255641937256,93.36605834960938,3.0258333683013916,0.005871985573321581,0.1116374367064544
11.467370986938477,93.45057678222656,3.1931982040405273,-0.016102133318781853,-0.3230644439680848
11.495031118392944,93.53575134277344,3.097971200942993,-0.005609744228422642,-0.10919438458329919
11.52182412147522,93.61984252929688,2.976652145385742,0.014398522675037384,0.26929351095484644
11.5623197555542,93.69978332519531,2.900521993637085,0.022966133430600166,0.41854669311651355
11.589721918106079,93.81605529785156,2.8371357917785645,0.029464727267622948,0.5252455921378406
11.617600679397583,93.89588928222656,2.8770856857299805,0.03318743407726288,0.5999379577841254
11.644693851470947,93.97573852539062,2.8577356338500977,0.029912060126662254,0.5370914559434902
11.672139167785645,94.0546875,2.873352527618408,0.02880101650953293,0.5199679757220189
11.699092626571655,94.1322021484375,2.852725028991699,0.03548521175980568,0.6360440321845282
11.726166725158691,94.20921325683594,2.8622891902923584,0.03225431963801384,0.5800711473147001
11.753284931182861,94.28749084472656,2.9571704864501953,0.013600043952465057,0.25269493871411614
11.780492067337036,94.36891174316406,3.0404305458068848,0.005358748137950897,0.10237131947893209
11.807639360427856,94.45350646972656,3.1883933544158936,-0.019263185560703278,-0.3859045256996115
11.834718704223633,94.53956604003906,3.08054256439209,-0.005883086938410997,-0.11387079390509428
11.861582517623901,94.62107849121094,2.9577622413635254,0.014644724316895008,0.2721600207835208
11.888527154922485,94.7003173828125,2.876802682876587,0.02713424526154995,0.49046462553906855
11.915348052978516,94.77766418457031,2.8726348876953125,0.031813379377126694,0.5742091431081318
11.942274332046509,94.85479736328125,2.8828303813934326,0.027773363515734673,0.5030688622119274
11.96897292137146,94.93302917480469,2.9521591663360596,0.012474332004785538,0.2313859240336859
11.99583625793457,95.01104736328125,2.9413833618164062,0.02346854843199253,0.43372826845841495
12.02284288406372,95.08851623535156,2.864563226699829,0.030665604397654533,0.5519373823741388
12.049703121185303,95.16531372070312,2.8461310863494873,0.032666873186826706,0.5841741479382211
12.076767683029175,95.24229431152344,2.8210947513580322,0.032279472798109055,0.5721685391497404
12.10373306274414,95.32154846191406,2.9335315227508545,0.024606168270111084,0.45353897825721073
12.130802869796753,95.40361022949219,3.0347440242767334,0.001172953168861568,0.022365705712978058
12.158287763595581,95.49012756347656,3.132544994354248,-0.011184442788362503,-0.22013623699451754
12.18509840965271,95.57427978515625,3.077350378036499,-0.00270940363407135,-0.05238784379288009
12.21200156211853,95.65451049804688,2.9447743892669678,0.02089015580713749,0.3865214275697085
12.239099264144897,95.73313903808594,2.9024767875671387,0.024255966767668724,0.4423512027679114
12.265979290008545,95.80995178222656,2.870830535888672,0.027127552777528763,0.48932571847733547
12.29276180267334,95.88729858398438,2.8761179447174072,0.02674993686378002,0.48340297787391323
12.320157527923584,95.96662902832031,2.836029529571533,0.0358276329934597,0.6384233073140237
12.347046852111816,96.04512023925781,2.8403267860412598,0.03581216186285019,0.6391145674084844
12.373920440673828,96.12164306640625,2.813434600830078,0.03385642543435097,0.5984912370734723
12.401000499725342,96.19761657714844,2.7916922569274902,0.04029884561896324,0.7068707580927466
12.427959442138672,96.275390625,2.893667459487915,0.025306297466158867,0.4601051533514977
12.455187320709229,96.3563232421875,3.0249414443969727,0.0070219193585217,0.13346047866412356
12.48218846321106,96.43997192382812,3.1716554164886475,-0.004921825136989355,-0.09808261717469204
12.50924301147461,96.52505493164062,3.1226422786712646,-0.009315001778304577,-0.18276163978166196
12.53612470626831,96.60758972167969,2.9847471714019775,0.016077829524874687,0.3015191062519794
12.563226222991943,96.68679809570312,2.8848719596862793,0.02753053978085518,0.499023660251374
12.590382099151611,96.76478576660156,2.806898832321167,0.03577222675085068,0.6308884885750301
12.617184400558472,96.84120178222656,2.8343820571899414,0.03264615684747696,0.5813936997939791
12.644257068634033,96.91950988769531,2.8986380100250244,0.028486084192991257,0.5188079288929245
12.671216487884521,96.99838256835938,2.920222043991089,0.02142978273332119,0.3932000019606736
12.698242664337158,97.07695007324219,2.910099744796753,0.018007665872573853,0.32926469541008524
12.72525954246521,97.15397644042969,2.8759377002716064,0.03463581204414368,0.6258708382042496
12.752247095108032,97.23004150390625,2.8545291423797607,0.03204328939318657,0.5747135565732686
12.77926254272461,97.30778503417969,2.9305174350738525,0.021244611591100693,0.3911766952355688
12.806403875350952,97.38896179199219,3.030083656311035,0.004733138717710972,0.09011222644406396
12.833405494689941,97.473876953125,3.1154873371124268,-0.006625277455896139,-0.12969102698106494
12.860467910766602,97.55824279785156,3.0763983726501465,-0.004883650690317154,-0.09439892185823369
12.887364387512207,97.63961791992188,2.9707775115966797,0.014542333781719208,0.271446411437686
12.914375066757202,97.71772766113281,2.8609907627105713,0.026906434446573257,0.4836737013230953
12.941255807876587,97.79446411132812,2.84700870513916,0.03302851691842079,0.5908234664774823
12.968442916870117,97.87263488769531,2.9088242053985596,0.0277627632021904,0.5074111808431305
12.995453119277954,97.95127868652344,2.9269402027130127,0.019932035356760025,0.36656024924034525
13.022685289382935,98.03105163574219,2.893491506576538,0.025837073102593422,0.46972685940382936
13.049583196640015,98.10824584960938,2.7874817848205566,0.04498062655329704,0.787802595077025
13.07686996459961,98.18515014648438,2.7685203552246094,0.04799071326851845,0.8348045242234571
13.103813648223877,98.26191711425781,2.8353002071380615,0.02993093617260456,0.5332111455754296
13.130776643753052,98.34089660644531,2.9224934577941895,0.022922616451978683,0.4209181022907516
13.157893657684326,98.424072265625,3.10318922996521,-0.0005443700938485563,-0.010614080716114522
13.184804201126099,98.50927734375,3.1617610454559326,-0.011897723190486431,-0.2363593425532335
13.211887121200562,98.59303283691406,3.0711333751678467,-0.002174366032704711,-0.041957654365878075
13.239200830459595,98.6732177734375,2.87398099899292,0.02368391677737236,0.42767837101104766
13.26640796661377,98.75189208984375,2.809053897857666,0.044619690626859665,0.7875288912906279
13.293485879898071,98.82868957519531,2.827181100845337,0.03617148846387863,0.6425395692264262
13.320656061172485,98.90708923339844,2.8523571491241455,0.028331900015473366,0.5077611539262407
13.347818374633789,98.98672485351562,2.8953113555908203,0.028903471305966377,0.5258055267553884
13.374884128570557,99.06570434570312,2.869121789932251,0.03138021007180214,0.5656980722092557
13.402063846588135,99.14366149902344,2.874735116958618,0.025015810504555702,0.45184791335765073
13.4291832447052,99.22062683105469,2.842528820037842,0.028961358591914177,0.5172537834243288
13.456172466278076,99.29881286621094,2.9549922943115234,0.018172018229961395,0.3373955769040699
13.483440399169922,99.37974548339844,3.012489080429077,0.0060101961717009544,0.11376115618370487
13.51058053970337,99.46455383300781,3.1179516315460205,-0.0075839729979634285,-0.1485750962126742
13.546527624130249,99.54948425292969,3.0629963874816895,-0.004820724483579397,-0.09277664514461537
13.573412656784058,99.65780639648438,2.941243886947632,0.020387830212712288,0.3767748573579798
13.60044527053833,99.73597717285156,2.8882293701171875,0.02858077362179756,0.5186633113084245
13.627444505691528,99.81245422363281,2.8631086349487305,0.026392893865704536,0.4747934362588584
13.654532670974731,99.89051818847656,2.882737398147583,0.029713038355112076,0.5381855267254777
13.681516408920288,99.96920776367188,2.941558361053467,0.01896093785762787,0.35044280878110334
13.708444595336914,100.04798889160156,2.865565299987793,0.02742653340101242,0.4938113820788992
13.73555326461792,100.12556457519531,2.8310530185699463,0.03514382615685463,0.6251394596523046
13.762553453445435,100.20254516601562,2.8222010135650635,0.039756275713443756,0.7049746582440056
13.789594173431396,100.27976989746094,2.905845880508423,0.02349560335278511,0.4289819774766848
13.816595792770386,100.3599853515625,2.997958183288574,0.004895566031336784,0.09221643990662244
13.843443870544434,100.4434814453125,3.157482385635376,-0.0040596104227006435,-0.08053880170607032
13.870449304580688,100.52850341796875,3.129746198654175,-0.013814051635563374,-0.271650221818455
13.89737319946289,100.61093139648438,2.983363628387451,0.008608600124716759,0.16136843760223424
13.924423217773438,100.69024658203125,2.8883793354034424,0.026151716709136963,0.4746071762557945
13.951405763626099,100.76779174804688,2.820319414138794,0.032324373722076416,0.5728069577179999
13.978572607040405,100.84504699707031,2.8701202869415283,0.03320547193288803,0.5988107989647644
14.00578498840332,100.92390441894531,2.8711161613464355,0.03160122409462929,0.5700783365806803
14.032829284667969,101.00355529785156,2.946424961090088,0.014474368654191494,0.2679630319374071
14.059747695922852,101.08189392089844,2.9030778408050537,0.0277762021869421,0.5066539279529216
14.086900472640991,101.15890502929688,2.85224986076355,0.03418147191405296,0.6125734872793621
14.113889217376709,101.23556518554688,2.833451509475708,0.03461766988039017,0.6163018695592006
14.141058206558228,101.31399536132812,2.9305591583251953,0.01590609736740589,0.29288288762950354
14.167964220046997,101.39543151855469,3.0168864727020264,0.009330930188298225,0.17687390988886847
14.194815635681152,101.47991943359375,3.135817050933838,-0.008081598207354546,-0.15923107988412352
14.221754312515259,101.56396484375,3.08384370803833,-0.005010387860238552,-0.09708308631486744
14.248819351196289,101.6453857421875,2.971017837524414,0.014097973704338074,0.263173298515486
14.275817632675171,101.72372436523438,2.8873074054718018,0.02579166740179062,0.46789921093219183
14.302860021591187,101.80049133300781,2.8386805057525635,0.036501891911029816,0.6510461251027523
14.329797983169556,101.87844848632812,2.9349591732025146,0.021950339898467064,0.40478385520656635
14.35697889328003,101.95713806152344,2.882387399673462,0.022052086889743805,0.3993759549824418
14.384004354476929,102.03633117675781,2.8447887897491455,0.037961624562740326,0.6785387993535013
14.410879611968994,102.11357116699219,2.7826483249664307,0.0436391681432724,0.7629826367798758
14.437797546386719,102.18977355957031,2.7542858123779297,0.043723735958337784,0.756669339165131
14.464696645736694,102.26649475097656,2.871891736984253,0.026457583531737328,0.47741725169977695
14.49163293838501,102.345703125,2.9755923748016357,0.016834605485200882,0.31474312227697576
14.518733501434326,102.42842102050781,3.1497690677642822,-0.0029725772328674793,-0.058829035641200386
14.546128511428833,102.5157470703125,3.1723384857177734,-0.01954895816743374,-0.3896574692903452
14.573168277740479,102.59886169433594,3.0313384532928467,-0.0017912464682012796,-0.034116906411435534
14.600057601928711,102.67822265625,2.8743815422058105,0.03067130781710148,0.5539321578839401
14.626895427703857,102.75558471679688,2.806934118270874,0.04164327681064606,0.7344411188593056
14.653669357299805,102.83168029785156,2.827094316482544,0.037827830761671066,0.6719417146185369
14.680718183517456,102.90995788574219,2.8541316986083984,0.026020731776952744,0.46663078094097565
14.707598447799683,102.98854064941406,2.919832229614258,0.027254661545157433,0.5000098497778384
14.734514713287354,103.06710815429688,2.8959922790527344,0.028301462531089783,0.514975000987638
14.761575937271118,103.1444091796875,2.8943393230438232,0.021150220185518265,0.3846309312468853
14.788563966751099,103.22074890136719,2.844618797302246,0.029531430453062057,0.5278231423167287
14.81549859046936,103.29826354980469,2.9393367767333984,0.0220862478017807,0.40789760696491406
14.842506408691406,103.37870788574219,3.042658567428589,0.004476499278098345,0.08557986711559082
14.869589567184448,103.46305847167969,3.160539388656616,-0.010855956934392452,-0.2155803572679263
14.896583080291748,103.54791259765625,3.069214344024658,-0.003986019641160965,-0.0768681664580875
14.923523902893066,103.6298828125,2.9808244705200195,0.01603309065103531,0.30028491746610103
14.950519323348999,103.70855712890625,2.895554542541504,0.02674943581223488,0.4866606645815408
14.977489471435547,103.78517150878906,2.8052730560302734,0.04059844836592674,0.7155902990195607
15.004480838775635,103.86259460449219,2.8889098167419434,0.021135833114385605,0.3836482523443367
15.031395196914673,103.94119262695312,2.9331657886505127,0.02285333350300789,0.4211783478753719
15.058384895324707,104.02064514160156,3.000429391860962,0.013233904726803303,0.2494889316033463
15.085501432418823,104.09877014160156,2.8435373306274414,0.028773434460163116,0.5140797604419634
15.112592935562134,104.17532348632812,2.7284374237060547,0.05435686558485031,0.9318548542437175
15.13945198059082,104.25184631347656,2.7691268920898438,0.045832619071006775,0.7974388701905022
15.16642427444458,104.33064270019531,2.8866796493530273,0.027468489482998848,0.49821091352002284
15.19341778755188,104.41242980957031,3.0308127403259277,0.00600992888212204,0.11444802574476746
15.22280478477478,104.50552368164062,3.1560428142547607,-0.01640467718243599,-0.3253047787017344
15.249976873397827,104.59019470214844,3.1017847061157227,-0.004844603128731251,-0.09441689714420305
15.276992559432983,104.67031860351562,2.899646759033203,0.021069010719656944,0.3838566836973102
15.304058313369751,104.74851989746094,2.8185789585113525,0.03856901824474335,0.6830439643480347
15.331207513809204,104.82553100585938,2.824249505996704,0.03769838437438011,0.6689684993619194
15.35840654373169,104.9034423828125,2.8635945320129395,0.03313969820737839,0.5962658572559302
15.38535475730896,104.98260498046875,2.9160842895507812,0.019829384982585907,0.36331990006609816
15.412459135055542,105.06210327148438,2.9088523387908936,0.026726514101028442,0.4884767104318943
15.43964171409607,105.14070129394531,2.8946871757507324,0.024898890405893326,0.45285743155804387
15.466758251190186,105.21817016601562,2.877225875854492,0.02260950580239296,0.40873788693679597
15.493700504302979,105.29615783691406,2.949369430541992,0.021543601527810097,0.39923384429984765
15.520889282226562,105.37637329101562,3.0266599655151367,0.007550200447440147,0.1435826558819916
15.547926902770996,105.46095275878906,3.1648850440979004,-0.012980992905795574,-0.25813430300667456
15.574938297271729,105.54585266113281,3.0972208976745605,-0.004911006428301334,-0.09557021254166476
15.602437257766724,105.62957763671875,2.97986102104187,0.011267462745308876,0.21096091889147933
15.629539251327515,105.70951843261719,2.917236328125,0.023939773440361023,0.4388049495074687
15.656516790390015,105.78692626953125,2.819916248321533,0.03500348702073097,0.6201937550923458
15.683820486068726,105.86480712890625,2.886204719543457,0.026702338829636574,0.4842351412764267
15.711191177368164,105.94439697265625,2.928718328475952,0.02148304134607315,0.39532405164018497
15.738117933273315,106.02423095703125,2.949625253677368,0.015926824882626534,0.2951725153617587
15.765411138534546,106.10350036621094,2.8787033557891846,0.029094917699694633,0.5262521891648754
15.79268503189087,106.18191528320312,2.8204479217529297,0.0378725565969944,0.6711546086494284
15.819892168045044,106.25996398925781,2.8421287536621094,0.031004665419459343,0.5536695837052263
15.846812725067139,106.33987426757812,2.933689594268799,0.019602295011281967,0.3613274446975912
15.873939990997314,106.42276000976562,3.1084704399108887,-0.0005242932238616049,-0.010240021180356119
15.90118932723999,106.50917053222656,3.1703271865844727,-0.014499924145638943,-0.2888349103664923
15.928143978118896,106.59378051757812,3.121570348739624,-0.007112370803952217,-0.1394978087362291
15.954869031906128,106.6744384765625,2.948688268661499,0.012921225279569626,0.2393935410262451
15.981650352478027,106.75230407714844,2.846017599105835,0.03650236129760742,0.6527372674936456
16.008752584457397,106.82923889160156,2.8263680934906006,0.036539580672979355,0.6488915955566932
16.035719633102417,106.90716552734375,2.8626513481140137,0.0261983722448349,0.47121882718883934
16.062822580337524,106.98634338378906,2.909210681915283,0.023637188598513603,0.4320667660415486
16.08991503715515,107.06626892089844,2.9225566387176514,0.022178098559379578,0.40725564609968956
16.117178678512573,107.14598083496094,2.9493675231933594,0.012812566943466663,0.23743509373744182
16.144538640975952,107.22525024414062,2.940004825592041,0.02237248606979847,0.41327787706675195
16.171813249588013,107.3056640625,2.991074800491333,0.011796213686466217,0.2216918734244253
16.199315309524536,107.38821411132812,3.018724203109741,0.005651022773236036,0.10718409925880991
16.226516485214233,107.47401428222656,3.113976240158081,-0.0054262420162558556,-0.10616816784767943
16.253963470458984,107.55943298339844,3.1027462482452393,-0.004745336249470711,-0.09251094536351319
16.28095555305481,107.64370727539062,2.9998362064361572,0.000247560819843784,0.004666156741569778
16.30793523788452,107.7236328125,2.9400269985198975,0.016265328973531723,0.3004651027042236
16.334873914718628,107.80123901367188,2.877383232116699,0.031046420335769653,0.5612923328420302
16.382326364517212,107.9373779296875,2.9300146102905273,0.020388228818774223,0.3753437195002012
16.41980791091919,108.01765441894531,2.9640395641326904,0.016837645322084427,0.3135777370902996
16.446863412857056,108.12631225585938,2.8982763290405273,0.025520116090774536,0.46473170699795
16.474527597427368,108.2061767578125,2.936924695968628,0.020832380279898643,0.3844249567826323
16.501739501953125,108.28762817382812,2.99477481842041,0.006389161106199026,0.1202230883939809
16.528719663619995,108.36962890625,3.095115900039673,-0.0008625361369922757,-0.01677390133225172
16.555681228637695,108.45405578613281,3.166149854660034,-0.01655643619596958,-0.32936556689470875
16.582507371902466,108.53880310058594,3.083606719970703,-0.004961772356182337,-0.0961337064577032
16.60936427116394,108.62181091308594,3.025998830795288,0.0004889616393484175,0.009296584323603106
16.657745361328125,108.70150756835938,2.8952906131744385,0.02548103965818882,0.4635420898845871
16.684916734695435,108.84178161621094,2.8543803691864014,0.028843063861131668,0.5172888361052508
16.71233892440796,108.92155456542969,2.8732309341430664,0.029841577634215355,0.5387312660012861
16.739516973495483,109.00054931640625,2.950275421142578,0.015467355027794838,0.28672032726147206
16.766939163208008,109.08021545410156,2.924970865249634,0.021484047174453735,0.39483669707099356
16.79436159133911,109.15980529785156,2.9112939834594727,0.02519141137599945,0.46080632463582216
16.821560621261597,109.2381591796875,2.8852732181549072,0.022670673206448555,0.4109899759905037
16.848469018936157,109.31935119628906,2.98228120803833,0.016895800828933716,0.31659732539876967
16.875425100326538,109.40238952636719,3.0907979011535645,-0.003486170433461666,-0.06770162490388669
16.902427911758423,109.48789978027344,3.1383044719696045,-0.00918508693575859,-0.18111658265792605
16.92947220802307,109.57235717773438,3.0932672023773193,-0.0052745044231414795,-0.1025130054017686
16.95650601387024,109.65403747558594,2.976226568222046,0.014601241797208786,0.2730458942817463
16.98348116874695,109.73321533203125,2.9335920810699463,0.021143270656466484,0.3897191639842142
17.010499000549316,109.81082153320312,2.8778133392333984,0.02530740760266781,0.4576043556392869
17.037391185760498,109.88909912109375,2.898258686065674,0.02385888807475567,0.4344774234414
17.064480781555176,109.9669189453125,2.850917339324951,0.03398057445883751,0.6086886592582096
17.091469049453735,110.04582214355469,2.836677074432373,0.03537854552268982,0.6305648260829092
17.118492364883423,110.12294006347656,2.839210271835327,0.030397184193134308,0.5422640096461586
17.145500659942627,110.20063781738281,2.8497097492218018,0.03443363308906555,0.6165429612725198
17.17248797416687,110.27976989746094,2.971791982650757,0.015478934161365032,0.28902760760728136
17.199463844299316,110.36109924316406,3.0505053997039795,0.00016977616178337485,0.003254081137537566
17.22646689414978,110.44573974609375,3.2125658988952637,-0.02403479814529419,-0.4851459301758576
17.25351071357727,110.53102111816406,3.063516139984131,-0.00464641023427248,-0.08943707602887545
17.28048348426819,110.614013671875,2.9998674392700195,0.0015442660078406334,0.02910744224775839
17.307401418685913,110.69320678710938,2.9016377925872803,0.020616302266716957,0.3758666909011324
17.334439992904663,110.77116394042969,2.8427844047546387,0.032250259071588516,0.5760457812804012
17.361339330673218,110.84881591796875,2.87518310546875,0.030988750979304314,0.5598213385293913
17.388362884521484,110.92721557617188,2.8979318141937256,0.02717996947467327,0.49489947795081074
17.415324687957764,111.00579833984375,2.9459195137023926,0.015398038551211357,0.28501397040847043
17.44243049621582,111.08338928222656,2.846611261367798,0.0345606803894043,0.6181449352798728
17.469494104385376,111.16111755371094,2.887192964553833,0.028912341222167015,0.5244920864143189
17.49635910987854,111.23847961425781,2.859135627746582,0.027207983657717705,0.48877725016690876
17.523444652557373,111.31886291503906,2.9489200115203857,0.021464204415678978,0.3977018916478957
17.550355195999146,111.40104675292969,3.048509359359741,-0.0007654406363144517,-0.014661517251723415
17.577327966690063,111.48666381835938,3.129041910171509,-0.009246802888810635,-0.18179538261326453
17.604132890701294,111.57057189941406,3.0958383083343506,-0.005775836296379566,-0.11234998374304603
17.63110113143921,111.65167236328125,2.972792148590088,0.011833643540740013,0.2210359409749124
17.658028841018677,111.73057556152344,2.9385507106781006,0.023056337609887123,0.42569973607447553
17.684823036193848,111.80760192871094,2.872535228729248,0.028694724664092064,0.5179016490156875
17.71188259124756,111.88528442382812,2.908456325531006,0.019059747457504272,0.34830487811989735
17.73880171775818,111.96348571777344,2.8573787212371826,0.034957800060510635,0.6276127658598218
17.765777587890625,112.04183959960938,2.848950147628784,0.036242660135030746,0.6487610748133508
17.792659997940063,112.11904907226562,2.8165359497070312,0.036648742854595184,0.6485661064384021
17.81965732574463,112.19618225097656,2.8453376293182373,0.02939414605498314,0.525502181880889
17.846544981002808,112.27459716796875,2.939549207687378,0.02074476145207882,0.383150192544835
17.873441696166992,112.35575866699219,3.065394639968872,0.004846994299441576,0.09335525530544768
17.90039610862732,112.439697265625,3.212042808532715,-0.010271526873111725,-0.20729851919446365
17.92743182182312,112.52497863769531,3.1299750804901123,-0.006390605121850967,-0.12567900432157292
17.954500198364258,112.60887145996094,3.049375295639038,-0.00172510149423033,-0.03305258245066621
17.981478929519653,112.68867492675781,2.9079859256744385,0.02337299846112728,0.42705774162806753
18.008355617523193,112.76664733886719,2.8527400493621826,0.02932434342801571,0.5256181636158751
18.03529667854309,112.84358215332031,2.8372888565063477,0.03569968044757843,0.6364257593700201
18.06241798400879,112.92201232910156,2.8805651664733887,0.028584955260157585,0.5173626706653214
18.08941340446472,113.00112915039062,2.9481730461120605,0.016287751495838165,0.3017129660501682
18.116355419158936,113.07965087890625,2.9092912673950195,0.023411395028233528,0.4279513145491702
18.143341302871704,113.15737915039062,2.915065050125122,0.025106392800807953,0.459846026560988
18.186837673187256,113.23628234863281,2.893289566040039,0.024688996374607086,0.4488231041960556
18.213852167129517,113.36524963378906,3.0633113384246826,0.002318558283150196,0.04462610924670766
18.240900993347168,113.45018005371094,3.203930616378784,-0.01780022867023945,-0.35833444131354636
18.267845392227173,113.53509521484375,3.084149122238159,-0.004419903736561537,-0.08565013416908185
18.294889450073242,113.61859130859375,3.00435209274292,-0.0001719691208563745,-0.003246244056860327
18.32195472717285,113.69869995117188,2.891902208328247,0.021731061860919,0.39486116211058236
18.348856925964355,113.77667236328125,2.841707468032837,0.03486685827374458,0.6225468692237435
18.375885486602783,113.85408020019531,2.89312744140625,0.02679363451898098,0.4870561842186418
18.40276312828064,113.93260192871094,2.9363954067230225,0.013963102363049984,0.2576180723384096
18.429823875427246,114.01145935058594,2.953381299972534,0.019517721608281136,0.36218337235485293
18.456743717193604,114.08955383300781,2.8990354537963867,0.025974219664931297,0.47312500780986205
18.48375105857849,114.16766357421875,2.89249587059021,0.024740831926465034,0.4496420456193216
18.510770559310913,114.24569702148438,2.8617849349975586,0.030462689697742462,0.547753432993713
18.537693738937378,114.32638549804688,2.967444896697998,0.016741352155804634,0.3121426143194436
18.564695596694946,114.40921020507812,3.063932418823242,-0.002819106914103031,-0.05427134651583986
18.59174156188965,114.49516296386719,3.143284559249878,-0.013923075050115585,-0.27497849562257265
18.618667602539062,114.57980346679688,3.1121115684509277,-0.006622305139899254,-0.12949238041442898
18.645589590072632,114.66093444824219,2.9543588161468506,0.016177579760551453,0.3003009172131574
18.67262887954712,114.74015808105469,2.919879674911499,0.02084655873477459,0.3824539908029835
18.699585676193237,114.81768798828125,2.8358166217803955,0.03019404038786888,0.5379962440826471
18.726479291915894,114.89555358886719,2.8391003608703613,0.03681503236293793,0.6567284033818592
18.75351619720459,114.97348022460938,2.8657703399658203,0.03008761815726757,0.5417626499073234
18.78039264678955,115.05232238769531,2.8578529357910156,0.025851473212242126,0.4641998996630042
18.80773639678955,115.13148498535156,2.8996033668518066,0.027583817020058632,0.5025425358972662
18.834992170333862,115.21006774902344,2.9239277839660645,0.024707917124032974,0.4539234783375685
18.861881971359253,115.29055786132812,3.0292458534240723,0.005136378575116396,0.09776230130222024
18.88894748687744,115.37234497070312,3.1062190532684326,0.0003098177257925272,0.006046697037498731
18.91596794128418,115.45780944824219,3.173236131668091,-0.018398413434624672,-0.3668281307631697
18.943105459213257,115.54283142089844,3.1090219020843506,-0.006952046882361174,-0.13580518205518916
18.970179557800293,115.62652587890625,3.016507387161255,0.0005566022009588778,0.010549434521384763
18.99710440635681,115.70625305175781,2.9122262001037598,0.026322921738028526,0.48165831899110617
19.02401304244995,115.78446960449219,2.8543548583984375,0.03335627168416977,0.5982260700806133
19.050973176956177,115.86209106445312,2.8893630504608154,0.02252478525042534,0.40892403941588873
19.078045129776,115.94093322753906,2.9209635257720947,0.024645304307341576,0.45231416357412835
19.10518503189087,116.01988220214844,2.9439308643341064,0.021436691284179688,0.39652011979458385
19.13204574584961,116.09786987304688,2.868297576904297,0.02579100988805294,0.46480674574526687
19.159107446670532,116.1756591796875,2.859673261642456,0.035170797258615494,0.6319438564533796
19.186041831970215,116.2545166015625,2.869011163711548,0.03015037439763546,0.5435065921072476
19.21302056312561,116.33572387695312,2.9988691806793213,0.006000707391649485,0.11306803363752146
19.239977598190308,116.41969299316406,3.1401772499084473,-0.004973558243364096,-0.09812987359047262
19.266965627670288,116.50497436523438,3.1483943462371826,-0.012877372093498707,-0.2547394677534736
19.293936252593994,116.58961486816406,3.0985770225524902,-0.0045929658226668835,-0.08942014672624528
19.32116436958313,116.67048645019531,2.9626286029815674,0.01178070716559887,0.2192948540215992
19.348188161849976,116.75021362304688,2.8835017681121826,0.03170870617032051,0.5744848920832851
19.37533736228943,116.82792663574219,2.8471968173980713,0.035694144666194916,0.6385491591967508
19.402493715286255,116.90658569335938,2.8471944332122803,0.030795086175203323,0.5509071614427052
19.429476737976074,116.98512268066406,2.8821988105773926,0.028839750215411186,0.522270261629342
19.45651125907898,117.0634765625,2.86714506149292,0.032360248267650604,0.582963520999204
19.483415126800537,117.14143371582031,2.9154839515686035,0.022127339616417885,0.40534024447689093
19.5103919506073,117.21971130371094,2.9209585189819336,0.01622433215379715,0.29776392928030626
19.537473917007446,117.29974365234375,3.0247316360473633,0.006847224663943052,0.13013115808909484
19.564384698867798,117.38226318359375,3.0922489166259766,-0.0014305281220003963,-0.02779397830518265
19.591416358947754,117.46751403808594,3.1118040084838867,-0.009635194204747677,-0.18838771430141873
19.618540287017822,117.55230712890625,3.095742702484131,-0.007531902752816677,-0.14650398240781834
19.64549160003662,117.63528442382812,2.9578006267547607,0.012126337736845016,0.22536082550430422
19.672489881515503,117.71437072753906,2.914163589477539,0.023315727710723877,0.42691633345960484
19.69944739341736,117.79225158691406,2.8784306049346924,0.023868946358561516,0.4316869107003351
19.726512908935547,117.87043762207031,2.909454107284546,0.028095349669456482,0.5136009532810937
19.753748655319214,117.94941711425781,2.9139318466186523,0.023919546976685524,0.43793757415256923
19.78071689605713,118.02806091308594,2.875761032104492,0.0226051677018404,0.4084514067753767
19.807743072509766,118.10530090332031,2.8130829334259033,0.04178706556558609,0.7385914549485677
19.83467411994934,118.18301391601562,2.836682081222534,0.03667900711297989,0.6537445850761157
19.86177897453308,118.26127624511719,2.8854482173919678,0.024060789495706558,0.43621744201399715
19.888821125030518,118.34274291992188,3.018678903579712,0.009721106849610806,0.18437944556595243
19.915902137756348,118.42707824707031,3.164628505706787,-0.004245588555932045,-0.08441905922989364
19.94295620918274,118.5130615234375,3.148852825164795,-0.010953216813504696,-0.21670748666557207
19.96998953819275,118.59678649902344,3.052086114883423,-0.0025607505813241005,-0.04910705970612694
19.99705171585083,118.67721557617188,2.9182868003845215,0.021630380302667618,0.3966176111044503
